Date,Open,High,Low,Close,Adj Close,Volume
8/18/2015,42942.89844,44398,42671.10156,44138.10156,43857.22656,13425
8/19/2015,44266,44500,43651.10156,44053.80078,43773.46484,13203
8/20/2015,44074,44671.60156,43210,43446.19922,43169.72656,12185
8/21/2015,43200,43603.10156,41800,43388.60156,43112.5,13184
8/24/2015,42700,42700,38000.19922,38788.89844,38542.06641,24954
8/25/2015,39880,40250,36679.10156,39882.80078,39629,30120
8/26/2015,39900,40549.69922,38822.60156,40069.80078,39814.80469,24497
8/27/2015,40500,41500,40500,40907.89844,40647.57422,17189
8/28/2015,41550,41749.89844,40699,41007.60156,40746.63672,16890
8/31/2015,41007.60156,41449,39888,40392.19922,40135.16797,7629
9/1/2015,40199,40237.80078,39020.19922,39684.5,39431.95703,18614
9/2/2015,39858,40544.30078,39656.10156,40263.39844,40007.17969,12230
9/3/2015,40325,40769.89844,40150,40258.80078,40002.61328,9436
9/4/2015,40050,40051,38450,38678.10156,38431.96484,17021
9/7/2015,38680,38927.60156,37768,38005.19922,37763.35156,7879
9/8/2015,38000,39547.5,37689.30078,39328.60156,39078.33203,11752
9/9/2015,39560,40178.39844,39220,39526.60156,39275.07813,7510
9/10/2015,38731,40800,38501.10156,40614,40355.53906,16595
9/11/2015,40800,41546.60156,40001.10156,40536.19922,40278.24219,9765
9/14/2015,40540.39844,41000,40152.39844,40815.60156,40555.86328,6425
9/15/2015,40650,41199,39849.89844,40240,39983.92969,10425
9/16/2015,40261,40520,39500,39873.39844,39619.65234,12667
9/18/2015,40187,40500,40017.60156,40166.5,39910.89844,9294
9/21/2015,40299,41580,39810,41418.80078,41155.22266,16371
9/22/2015,41420,41799,40866,41442.60156,41178.88281,21202
9/23/2015,40759,41228.39844,40520.10156,40935.39844,40674.89844,6388
9/24/2015,40999.89844,41544,40872.80078,41262.19922,40999.625,7713
9/28/2015,41600,41990,41009.39844,41242.89844,40980.44922,6615
9/29/2015,40700,42068,40700,41574.10156,41309.54297,7602
9/30/2015,41998,42185,41651,41935.89844,41669.03125,6592
10/1/2015,42000,42225,41400.10156,41629.89844,41364.98438,5417
10/5/2015,41724.89844,43562,41618,42877.80078,42604.9375,14409
10/6/2015,43100.10156,43500,42455.60156,42549.60156,42278.82813,10762
10/7/2015,42550,42969.89844,42400,42587.80078,42316.78906,5104
10/8/2015,42650,42830,41580.10156,41895.89844,41629.28906,9062
10/9/2015,41930.10156,42590,41220,41373.80078,41110.51172,9340
10/12/2015,41410,41575,40797.89844,41104.60156,40843.03125,9874
10/13/2015,41397.60156,41464,40949.89844,41180.5,40918.44141,5714
10/14/2015,41279.89844,41480,41050,41254.80078,40992.26953,4728
10/15/2015,41300,42147,41300,41848.89844,41582.58984,5489
10/16/2015,41951,42330,41720.19922,41899,41632.375,5778
10/19/2015,42060,42060,41666.10156,41914.80078,41648.07422,4304
10/20/2015,42070,42587.89844,41900,42172.89844,41904.53516,5936
10/21/2015,42026.60156,42379,42026.60156,42225.89844,41957.18359,4672
10/23/2015,42302,42898,42302,42631.10156,42359.8125,5706
10/26/2015,42700,42887.69922,42063,42237.19922,41968.41797,6702
10/27/2015,42070,42240.10156,41500,41578.39844,41313.8125,8802
10/28/2015,41300,41990,41105.10156,41248.10156,40985.61719,5291
10/29/2015,41370,42244.89844,40501,40659.89844,40401.15234,54271
10/30/2015,40675,41047.5,39510,39751.39844,39498.4375,13081
11/2/2015,39888,39888,39111,39358.80078,39108.33594,7442
11/3/2015,39744,40200,39510,39731.60156,39478.76953,5738
11/4/2015,40050,40050,38900.5,39019.89844,38771.59375,8203
11/5/2015,39174,39174,38340,38556.39844,38311.03906,6625
11/6/2015,38355,38888,38200,38512.39844,38267.32813,13957
11/9/2015,38000,39339.89844,37734.69922,38966.69922,38718.73438,5265
11/10/2015,39000,39197.89844,38020,38102.89844,37863.33203,4756
11/13/2015,38000,38500,37777.10156,38377.89844,38136.61719,5892
11/16/2015,38416.5,38599.89844,37800,38017.80078,37778.76953,6267
11/17/2015,38240,39949,38134.39844,39530.10156,39281.57813,11203
11/18/2015,39539,39881.39844,38800.10156,38932.10156,38687.33594,7357
11/19/2015,39147,39599,39100,39333.10156,39085.80469,4342
11/20/2015,39349.89844,39549,39000,39381.89844,39134.30469,3635
11/23/2015,39101,39690,39073.39844,39174.39844,38928.10547,2475
11/24/2015,39100,39459.80078,38852,38953.60156,38708.69141,3021
11/26/2015,39200,39299.89844,38491.19922,38664.69922,38421.61328,26495
11/27/2015,38860.5,39740,38860.5,39430.80078,39182.89063,7565
11/30/2015,39333,39642.80078,38810,38850,38605.74609,5873
12/1/2015,39090,39479.39844,38600,39237.39844,38990.70703,4465
12/2/2015,39338,39800.10156,39113.10156,39281.80078,39034.82813,3409
12/3/2015,39100,39319.60156,39000,39151.30078,38905.14844,2946
12/4/2015,39149,39775,38919.10156,39630.80078,39381.63672,6412
12/7/2015,39602.5,39725,39105,39171.10156,38924.82422,3059
12/8/2015,39052.10156,39687,39052.10156,39215.10156,38968.55469,2503
12/9/2015,39205,39342.39844,38832,39045.60156,38800.11719,4418
12/10/2015,39045,39575,39014,39443,39195.01563,2852
12/11/2015,39302,39985,39154.5,39414.39844,39166.59375,5430
12/14/2015,39100,39400,38178.10156,38602.60156,38359.89844,6606
12/15/2015,38941.89844,38999.89844,38600,38790.60156,38546.72266,2466
12/16/2015,38880,39226.10156,38613.39844,38732.60156,38489.08594,3405
12/17/2015,38840,39299,38702.19922,39143.89844,38897.79297,3322
12/18/2015,39140,39399.89844,38960.30078,39162.89844,38916.67969,4519
12/21/2015,38987,39328.39844,38987,39213,38966.46484,1704
12/22/2015,39213,39705.39844,39101,39175.30078,38929.00391,3321
12/23/2015,39200,39599.89844,39200,39287.89844,39040.88672,1729
12/24/2015,39107,39650,39107,39539.60156,39291.00391,2232
12/28/2015,39585,39986,39585,39659.80078,39410.46484,3026
12/29/2015,39700,39961.19922,39656.10156,39784.89844,39534.76563,2639
12/30/2015,39799.89844,39932,39681.19922,39792.39844,39542.22656,2992
12/31/2015,39941,40058.80078,39403.10156,39877.5,39626.78516,4678
1/1/2016,40092.39844,41424.60156,39877.10156,40552.10156,40297.15234,6316
1/4/2016,40400,40748,40248.60156,40505.89844,40251.23828,2921
1/5/2016,40600,40688,40321.80078,40593.19922,40337.98828,1951
1/6/2016,40643,41200.10156,40297.60156,40419.19922,40165.08203,4594
1/7/2016,40249,40249,39001,39066.19922,38820.58203,4983
1/8/2016,39155,39470.89844,38510.10156,38638.60156,38395.67969,4941
1/11/2016,38580,39154.5,38066,38978.60156,38733.53906,2933
1/12/2016,39041,39233.60156,38700,38875.89844,38631.47656,2333
1/13/2016,39007,39181.80078,37850.5,38443.80078,38202.09766,4089
1/14/2016,38349,38531.10156,37890.19922,38179.10156,37939.06641,1903
1/15/2016,38300,38480,37500,37688.10156,37451.15625,2835
1/18/2016,37311,37950,36000,36193.19922,35965.65625,4059
1/19/2016,36225,36800,35540,36362,36133.38672,3452
1/20/2016,36180,36180,34620,35040.19922,34819.89844,7301
1/21/2016,35670,35679.89844,34500.10156,34909.10156,34689.625,4251
1/22/2016,35150.60156,36450,35150.60156,36236.30078,36008.48047,4704
1/25/2016,36600,38198.89844,35516.39844,36125.10156,35897.98828,28052
1/27/2016,36270,36300,35650,35761.10156,35536.27344,6205
1/28/2016,36080,36080,35402,35732.89844,35508.24609,10884
1/29/2016,35700,35990.5,35300,35626.19922,35402.20703,7688
2/1/2016,35700,36100,34015.30078,34313.10156,34097.37891,7872
2/2/2016,34100,35095,34000.10156,34618.80078,34401.14844,7620
2/3/2016,34300,34479.39844,34002,34201.19922,33986.17188,5986
2/4/2016,34540,34798.89844,33475.10156,33725.39844,33513.37109,6707
2/5/2016,33750.19922,34350,33456.10156,34180.39844,33965.51172,4040
2/8/2016,34180.39844,34750,33785.10156,34140.10156,33925.45703,4057
2/9/2016,33900,34100,33600,33656.10156,33444.50781,2474
2/10/2016,34000,34500.69922,33200,33825.39844,33612.73438,12515
2/11/2016,33501.10156,34100,31802.09961,32304.90039,32101.79688,9773
2/12/2016,33199.89844,33199.89844,31183.19922,31811.80078,31611.79297,7938
2/15/2016,32299,33499.39844,32299,33317.60156,33108.13281,5158
2/16/2016,33843,33843.10156,33066,33227.60156,33018.69141,5308
2/17/2016,33499,33597.39844,32601,33342.30078,33132.67188,5692
2/18/2016,33600,33788.69922,33120.19922,33435.10156,33224.89453,3963
2/19/2016,33100,33810,33010,33602,33390.74609,2935
2/22/2016,33600,34087.39844,33425.39844,33729.89844,33517.83984,2621
2/23/2016,33729,34070,33464.60156,33589,33377.82422,3566
2/24/2016,33400.10156,33790,32515.09961,32764.40039,32558.4082,5353
2/25/2016,33074.89844,33074.89844,31834.30078,31977.69922,31776.6543,4969
2/26/2016,32444,32574.5,32100,32371.5,32167.97461,2198
2/29/2016,32597,32787.39844,31800,32547.09961,32342.47266,5158
3/1/2016,33200,34171.19922,32214,33854.89844,33642.05078,4387
3/2/2016,34200,35199.89844,33899.89844,34063.89844,33849.73828,8744
3/3/2016,34600,34600,33912,34066.10156,33851.92578,4991
3/4/2016,34290,34420,33624,34226.69922,34011.51563,3728
3/8/2016,34500,34575,34000,34455.89844,34239.28125,4297
3/9/2016,34640,34640,34090.89844,34405.39844,34189.08594,3377
3/10/2016,34600.10156,34600.10156,34210,34415.60156,34199.22266,3388
3/11/2016,34567,34798.89844,33949.89844,34499.80078,34282.89063,4655
3/14/2016,34600,34760,34334.19922,34601.80078,34384.25781,2592
3/15/2016,34600,34607.60156,33910,34356.39844,34140.39063,6398
3/16/2016,34300,34360,33351.10156,33454.39844,33244.07422,7147
3/17/2016,33990,34100.10156,33500,33936.80078,33723.43359,4815
3/18/2016,33900,34799,33900,34716.89844,34498.63281,7987
3/21/2016,34799,35030.10156,34501.19922,34747.39844,34528.9375,4300
3/22/2016,34654,35298.89844,34450,34810.10156,34591.24609,6170
3/23/2016,34810,35543.89844,34600,35340.39844,35118.20703,8465
3/28/2016,35350.19922,36425,35230.10156,36159.80078,35932.46094,8607
3/29/2016,36149.89844,37110.10156,35750,36915.5,36683.40625,8080
3/30/2016,36990,38200.10156,36720.10156,37912,37673.64453,9671
3/31/2016,38044,39000,37859.89844,38296.80078,38056.01953,14028
4/1/2016,38249.89844,38249.89844,37110.10156,37255.10156,37020.87891,5483
4/4/2016,37700,37700,36730,36844.60156,36612.96094,4163
4/5/2016,36800,37209.10156,35502,35742.10156,35517.38281,7376
4/6/2016,35799.89844,36600,35799.89844,36174.60156,35947.16797,5803
4/7/2016,36300,36532,35600,35791.10156,35566.08594,3568
4/8/2016,35707.39844,36089.89844,35313.80078,35468.19922,35245.21094,5444
4/11/2016,35500.10156,35990,35136.89844,35800.69922,35575.61719,4798
4/12/2016,35870,36649.89844,35870,36269.80078,36041.76172,9784
4/13/2016,36974,37000,36301,36595.80078,36365.73047,11221
4/18/2016,36300,36928,36141,36740,36509.00781,4193
4/20/2016,36850,37198,36700,36816.19922,36584.72656,4642
4/21/2016,36940,37018.89844,35800,36012.80078,35786.38281,5223
4/22/2016,36000,36099,35414.10156,35541.89844,35318.4375,5823
4/25/2016,35500,35809.19922,35150,35404.89844,35182.29688,6137
4/26/2016,35500,35944,35400,35721.10156,35496.52344,3045
4/27/2016,35721,35846.89844,34630,34786.19922,34567.49609,8962
4/28/2016,34990,35135,34000.10156,34113.10156,33898.62891,11105
4/29/2016,34350,34350,33555.39844,33787.80078,33575.37891,10273
5/2/2016,33755,34750,33750,34187,33972.07031,8833
5/3/2016,34500,34944.39844,33201,33434.89844,33224.69141,31798
5/4/2016,33450,34095.60156,33300,33715.10156,33503.13672,9253
5/5/2016,33929.89844,33972.10156,33650,33835.89844,33623.16016,3695
5/6/2016,33880,33880,33400,33742.10156,33529.96484,3867
5/9/2016,33701.19922,33989.89844,33600.10156,33687.10156,33475.30078,5052
5/10/2016,33787,33844,33215,33333.39844,33123.82813,7771
5/11/2016,33290,33296.60156,32669,32848.10156,32641.58594,8083
5/12/2016,32805,33390,32600.09961,33297.39844,33088.05078,9344
5/13/2016,33297,33500,32850,32907.10156,32700.21289,3899
5/16/2016,33000,33156.10156,32610,33031,32823.32422,5103
5/17/2016,33033.30078,33229.89844,32739.30078,32810.19922,32603.91992,3289
5/18/2016,32820,33100,32655,32874.39844,32667.71094,5231
5/19/2016,32800,32930.69922,32400,32579.19922,32374.36914,4674
5/20/2016,32579.19922,32699,31928,32005.80078,31804.57813,5332
5/23/2016,32205,32354.90039,31720,31783.80078,31583.97656,5300
5/24/2016,31790,31850,31002,31164.40039,30968.46484,10561
5/25/2016,31400,32070,31200,31965.40039,31764.42969,6196
5/26/2016,32000,32888,31913.59961,32553.09961,32348.4375,8835
5/27/2016,32700,33725,32652.09961,33542.19922,33331.30859,7921
5/30/2016,33719,33840,33222.10156,33447.89844,33237.61719,2884
5/31/2016,33575.89844,33999.89844,33301.10156,33774.39844,33562.05078,5849
6/1/2016,33700,33879,33200,33341.89844,33132.26953,2861
6/2/2016,33305,33593,33101,33425.60156,33215.44922,3930
6/3/2016,33679.89844,33679.89844,33290,33427.60156,33217.4375,3984
6/6/2016,33500,33551.5,33150,33262.39844,33053.27734,1426
6/7/2016,33400,33456.69922,32790,33013.5,32805.9375,3400
6/8/2016,33319.89844,33319.89844,32523,32612.19922,32407.16406,5160
6/9/2016,32700,32799.89844,32500,32546.40039,32341.77734,2255
6/10/2016,32550,32640,32085,32197.09961,31994.67188,4481
6/13/2016,32000,32192.90039,31901.69922,31982.69922,31781.62305,3867
6/14/2016,32000,32300,31890,31923.19922,31722.49023,3641
6/15/2016,31985,32200,31550.59961,31663.69922,31464.62695,5612
6/16/2016,31750,31825,31517,31595.19922,31396.55469,5178
6/17/2016,31750,31848,31251.09961,31332.19922,31135.21094,5243
6/20/2016,31330,32350,31021,32246.90039,32044.1582,9127
6/21/2016,32378,32424,31702,31844.90039,31644.6875,3800
6/22/2016,31874.80078,32150.90039,31500,31718.80078,31519.38477,4146
6/23/2016,31740,31844.90039,31500,31676.90039,31477.74609,4284
6/24/2016,31499,31500,30101,31317.19922,31120.30859,5841
6/27/2016,31340,31977.90039,31144.19922,31870.90039,31670.52734,2856
6/28/2016,32200,33150,31900,32941.89844,32734.79688,8766
6/29/2016,33298,33673.60156,32900,33519.19922,33308.46484,15103
6/30/2016,33740,33740,32850.89844,33077.60156,32869.63672,15793
7/1/2016,33077.60156,33900,33050,33656.60156,33445.00391,7303
7/4/2016,33699,35229,33699,35146.60156,34925.62891,15055
7/5/2016,35000.10156,35199.89844,34501,34746.19922,34527.74219,10171
7/7/2016,34944.89844,35400,34826.39844,35231.19922,35009.69531,7606
7/8/2016,35231,35470,35000,35391.10156,35168.59766,6312
7/11/2016,35502.69922,35840.10156,35190.89844,35292.80078,35070.91016,4305
7/12/2016,35350,35680,35174,35238.19922,35016.64844,5404
7/13/2016,35370,35499.89844,34300,34490.10156,34273.25781,7764
7/14/2016,34510,34990,34092.5,34567.30078,34349.96875,5128
7/15/2016,34650,34828,34140,34221.89844,34006.74219,3995
7/18/2016,34350,34700,34154.19922,34599.10156,34381.57422,8115
7/19/2016,34599,34940,34352.10156,34829.5,34610.52344,3656
7/20/2016,35000,35374.80078,34810.10156,35317.60156,35095.55859,3785
7/21/2016,35317.60156,35425,34111,34389.30078,34173.09766,5538
7/22/2016,34689.80078,34689.80078,34052.10156,34153.60156,33938.875,5259
7/25/2016,34425,35084.10156,34220.10156,34668.10156,34450.14063,6166
7/26/2016,34898.89844,34923.89844,33628,33862.5,33649.60938,4821
7/27/2016,33990,34400,33738.89844,34026.10156,33812.17188,4308
7/28/2016,34250,34422.19922,33900,34053.89844,33839.80078,3769
7/29/2016,34088.10156,34088.10156,33700,33844.10156,33631.3125,4274
8/1/2016,33960,34449,33650,33799.10156,33586.60547,9334
8/2/2016,33751,34189.19922,33750.89844,33922.39844,33709.12109,9366
8/3/2016,34001,34935,33760,34605.89844,34483.88281,10148
8/4/2016,34935,35560,34550.10156,35315.39844,35190.875,8309
8/5/2016,35325.5,37490,35325.5,37068.19922,36937.5,28926
8/8/2016,37340,37540,36921.39844,37092.39844,36961.62109,8740
8/9/2016,37092.39844,37250,36001,36902.39844,36772.28125,8284
8/10/2016,37000,37099.89844,36001.10156,36716.89844,36587.42969,9823
8/11/2016,36410,37300,36000,36660.80078,36531.54297,14507
8/12/2016,36210,36871.89844,35999.69922,36129.19922,36001.8125,7954
8/16/2016,36000,36490.5,36000,36126.30078,35998.92969,4491
8/17/2016,36015,36907.5,36015,36525.10156,36396.31641,5045
8/18/2016,36526.80078,36827.89844,36306,36553.89844,36425.00781,6253
8/19/2016,36553,36800,36012,36110.10156,35982.78125,5577
8/22/2016,36299,36299.89844,35299.89844,35485.60156,35360.48828,6810
8/23/2016,35485.60156,35849.89844,35323.30078,35744.19922,35618.17188,8437
8/24/2016,35770,36490,35700,36300.30078,36172.30859,10758
8/25/2016,36303,36800,36200,36458.89844,36330.34766,10211
8/26/2016,36500,36863.39844,36212,36339.69922,36211.57031,8695
8/29/2016,36400,37590.10156,36400,37471.60156,37339.48438,15241
8/30/2016,37390,38087.89844,37288.19922,37591.39844,37458.85547,13204
8/31/2016,37988.89844,37988.89844,37310.60156,37431.80078,37299.81641,6960
9/1/2016,37750,37850,37099.5,37231.89844,37100.62109,5262
9/2/2016,37390,39000,37235,38852.60156,38715.60938,21168
9/6/2016,39000,39732.5,38903,39535.80078,39396.40234,14428
9/7/2016,39889.89844,40337,39550,39893.60156,39752.94141,16406
9/8/2016,39880,40380,39627.10156,40035.80078,39894.64063,9369
9/9/2016,40000,40549.89844,39826.80078,40201.5,40059.76172,13878
9/12/2016,39950,39950,38695.80078,39100.19922,38962.33984,16133
9/14/2016,39110,41000,39100,40722.89844,40579.32031,17913
9/15/2016,40825,41874.69922,40825,41124,40979.00391,18371
9/16/2016,41350,41719.89844,40200,40507.80078,40364.96875,18045
9/19/2016,40555,43270,40520.10156,43101.60156,42949.63281,35959
9/20/2016,43350,43921,42900,43620.5,43466.69531,33084
9/21/2016,43450,44300,43406.89844,43806.60156,43652.14063,21206
9/22/2016,44449,44499,43835.5,44375.89844,44219.44141,15927
9/23/2016,44800,46471.80078,44114,45841.30078,45679.66797,38540
9/26/2016,45799.89844,46349,45458,45715.39844,45554.21484,18111
9/27/2016,45759,46917.89844,45759,46562.39844,46398.23438,16890
9/28/2016,46899.80078,50190,46710,49753.39844,49577.97656,64713
9/29/2016,50300,51515.39844,47860.30078,48605.60156,48434.22266,76122
9/30/2016,48750,51150,48750,50872.60156,50693.23438,33197
10/3/2016,51810,52444,51251.39844,51894.89844,51711.92578,25479
10/4/2016,52200,52499,50906.10156,51226.89844,51046.28125,19591
10/5/2016,51677,53899,51200,53693.80078,53504.48828,42292
10/6/2016,54000,54650,53305.69922,53892.80078,53702.78516,34564
10/7/2016,54530,54530,53065,53471.89844,53283.36328,18743
10/10/2016,53550,54087.10156,52710.10156,53034,52847.01953,12551
10/13/2016,53089.89844,53740,52600.19922,53371.30078,53183.11719,24543
10/14/2016,53310,53550,52201,52449,52264.07031,14336
10/17/2016,52549.80078,52600,49749.10156,49873.10156,49697.25391,19866
10/18/2016,50290,51777,48751,51627.60156,51445.56641,39429
10/19/2016,51625,51777,50380,50518.39844,50340.27344,23916
10/20/2016,50650,51502.10156,49530,49770.10156,49594.61719,22521
10/21/2016,50187.89844,51100,49728.60156,50438.19922,50260.35938,22623
10/24/2016,50603,50929,49801,49949.89844,49773.78516,8325
10/25/2016,50059,50300,49710,50100.10156,49923.46094,9424
10/26/2016,50080,50771,49236.89844,49638.60156,49463.58203,15490
10/27/2016,49800,50094.5,46199.89844,46403.60156,46239.98438,37965
10/28/2016,46402,48190,46402,47955.60156,47786.51953,24430
11/1/2016,48288,50443,48001.10156,50095.39844,49918.77734,30014
11/2/2016,49500,50239.60156,48857.10156,49569.10156,49394.32813,22450
11/3/2016,49300,50777,49132.89844,50264.30078,50087.07422,19387
11/4/2016,50449,50899,49551,50179.69922,50002.77734,22877
11/7/2016,50800,51000,50350,50851.89844,50672.59375,11676
11/8/2016,51000,52400,50359.5,52046.69922,51866.25391,18329
11/9/2016,48200,52824,47000,52166.60156,51985.73047,27056
11/10/2016,52600,53940,52600,53515.39844,53329.85547,13832
11/11/2016,53149.10156,53357.89844,52010.39844,52576.89844,52394.60938,15517
11/15/2016,52540,53050,49768.19922,50108.30078,49934.57031,24843
11/16/2016,51004.89844,51700,50360,50548.39844,50373.14844,13312
11/17/2016,50712,51250,49501.19922,49876.89844,49703.97656,11124
11/18/2016,49800,50078.5,48889.80078,49080.5,48910.33594,14112
11/21/2016,49109,49500,46501,46672.39844,46510.57031,13855
11/22/2016,46860,47467.80078,46451,46947.19922,46784.43359,16524
11/23/2016,47490,48189.60156,46560,47513.80078,47349.06641,14321
11/24/2016,47474,47877,46832.10156,47214.80078,47051.10547,9048
11/25/2016,47544,47775.19922,47112,47270.5,47106.60938,7607
11/28/2016,47399,48460,47250,47574.10156,47409.16406,8314
11/29/2016,47720,49498,47720,49118.89844,48948.59766,13814
11/30/2016,50000,50595.19922,49500,49900.10156,49727.09766,35735
12/1/2016,50799.89844,50799.89844,48684.5,48883.30078,48713.81641,15416
12/2/2016,48790,49340,48280,48841.60156,48672.26953,11376
12/5/2016,48401.10156,50722.30078,48401.10156,50469.30078,50294.32422,16302
12/6/2016,50639,51074.60156,49861.10156,50304.69922,50130.29297,13166
12/7/2016,50399,50705.30078,49810,50147.80078,49973.9375,8158
12/8/2016,50401,51669,50401,51416.60156,51238.33203,10465
12/9/2016,51656,53448,51286.39844,53033.5,52849.63672,17815
12/12/2016,52701,52996.80078,52001,52235,52053.91406,8233
12/13/2016,52549,53350,52320,52424.19922,52242.44141,11944
12/14/2016,52216,52999,52216,52759.69922,52576.78516,7681
12/15/2016,53000,53270,52400,52613.39844,52430.98438,14182
12/16/2016,52920,52996.89844,51980.30078,52154.69922,51973.87109,13605
12/19/2016,52387,52387,51431,51561.60156,51382.83984,4267
12/20/2016,51434,51923.89844,49680,49825.30078,49652.54297,12476
12/21/2016,50188,50188,48800,48855.10156,48685.71875,11398
12/22/2016,48797.69922,49249,48055.19922,48234.60156,48067.37109,9556
12/23/2016,48370,49685,47968.10156,48996.5,48826.625,10845
12/26/2016,48998.80078,49005.10156,48000,48319.39844,48151.875,6624
12/27/2016,48556.80078,48840,47512.30078,48692.89844,48524.08203,10685
12/28/2016,48998.89844,49089.89844,48356.39844,48485.89844,48317.79688,5321
12/29/2016,48350,48980,48350,48893.80078,48724.28125,9163
12/30/2016,49100,49300,48500,48905.60156,48736.04297,7871
1/2/2017,49000,49304.89844,48799.80078,49084.39844,48914.21875,8367
1/3/2017,49388.89844,50500,49101.19922,50391.39844,50216.6875,9526
1/4/2017,50679.80078,50769.80078,50181.60156,50386.10156,50211.41016,7045
1/5/2017,50698.60156,51990,50550.10156,51710.60156,51531.3125,8444
1/6/2017,52000,52686.5,51125,51579.19922,51400.375,14670
1/9/2017,51579.19922,51797,50825.69922,51349.10156,51171.07031,5351
1/10/2017,51649.89844,53666,49808.69922,53025.10156,52841.26953,14460
1/11/2017,53699,55554.39844,53400.10156,55400,55207.92578,35021
1/12/2017,55530.10156,55945,54625.10156,55011.60156,54820.87891,18119
1/13/2017,55098.89844,55298.89844,52890,53359.60156,53174.59766,22090
1/16/2017,53299,53857.60156,52559.89844,53092.10156,52908.02734,13559
1/17/2017,53050,54380.60156,53050,53678.80078,53492.69141,15203
1/18/2017,53800,54100,52802,53006.89844,52823.12109,9948
1/19/2017,53000,53046.10156,51814.5,51992.19922,51811.93359,13607
1/20/2017,51890,52549.89844,51400,51668.89844,51489.75781,9801
1/23/2017,51668,52840,51668,52351.69922,52170.19141,23689
1/24/2017,52679.39844,52879.89844,52210.10156,52466.39844,52284.49609,7489
1/25/2017,52699,53180,52000,53066.69922,52882.70703,8561
1/27/2017,53080,53633,53080,53339.19922,53154.26172,6477
1/30/2017,53440,53440,51801.10156,51929.89844,51749.85547,12036
1/31/2017,51998,52140,51000,51659.5,51480.39453,12635
2/1/2017,51401,52840,51401,52585.10156,52402.78516,11729
2/2/2017,52600,52740,51351,51590.89844,51412.03516,10660
2/3/2017,51681.80078,52654.10156,50050.10156,51059.39844,50882.37109,39215
2/6/2017,51684.80078,51684.80078,50097.30078,50240.10156,50065.91797,17664
2/7/2017,50690,51040,49759.60156,50434.80078,50259.94141,21900
2/8/2017,50666,51799.89844,50350,51604.39844,51425.48047,13393
2/9/2017,51750,51985,51250,51685.69922,51506.50391,7391
2/10/2017,51850,51879.30078,51310,51472.39844,51293.94141,4384
2/13/2017,51551.10156,51680.30078,50660.10156,50827.19922,50650.98438,5749
2/14/2017,51020,51630.60156,50010,50195.19922,50024.11719,5866
2/15/2017,50200.10156,50582,49935.60156,49997.10156,49826.69922,8012
2/16/2017,50180,50858,49600,50538.10156,50365.85938,16212
2/17/2017,50780,50900,50001.10156,50102.19922,49931.4375,10380
2/20/2017,50100,50595,49950,50414.80078,50242.97266,4347
2/21/2017,50451,50679.39844,50100,50195.39844,50024.31641,4084
2/22/2017,50399.89844,50600,49577,49767.89844,49598.27734,13002
2/23/2017,49900,51700,49714.80078,51499.10156,51323.58594,22055
2/27/2017,51650,52029.89844,50700,51437.10156,51261.78516,13966
2/28/2017,51437.19922,52529.89844,51370.10156,51835.10156,51658.4375,14966
3/1/2017,51999,53150,51999,52819.39844,52639.37109,13943
3/2/2017,53185,53362.5,51845,51951.60156,51774.54688,8861
3/3/2017,52300,52630,51713.39844,52072.89844,51895.42188,12544
3/6/2017,52398,52500,51951.10156,52375.60156,52197.09375,7600
3/7/2017,52282,52565.89844,51953.19922,52167.89844,51990.08984,6731
3/8/2017,52260,52372.10156,51086.69922,51527.80078,51352.17969,9537
3/9/2017,51500,52366.60156,51205,52031.39844,51854.06641,12197
3/10/2017,52366,52450,51950,52220.30078,52042.32031,9186
3/14/2017,52750,53427.89844,52100,52983.89844,52803.32031,18744
3/15/2017,53381.19922,57984,53291.19922,56836.60156,56642.88672,82609
3/16/2017,57300,57448.89844,56200,56425.60156,56233.29297,15441
3/17/2017,56400,56700,54967.60156,55427.89844,55238.98828,43538
3/20/2017,56305,57090.60156,55801,56019.39844,55828.46875,23491
3/21/2017,56500,58300,55854.30078,58045.10156,57847.26563,28250
3/22/2017,57600,58450,57500,57849.19922,57652.03516,20754
3/23/2017,58000,59684.39844,57601,59507.10156,59304.28125,36778
3/24/2017,59499.89844,59650,59001,59308.80078,59106.66797,19247
3/27/2017,59499,60145,59125.19922,59888.5,59684.37891,20169
3/28/2017,59855.39844,60300,57947.39844,58315.39844,58116.64844,19851
3/29/2017,58499.89844,59790.80078,57801,59578.39844,59375.33984,24086
3/30/2017,59125,60200,59125,59823.60156,59619.70313,19147
3/31/2017,59550,61220,59550,60954.39844,60746.65234,24685
4/3/2017,60935,61386.69922,60240,60993.60156,60785.71875,14263
4/5/2017,60993.60156,61271.80078,60372,60685.39844,60478.57031,12463
4/6/2017,60552,61399,60211,61104.89844,60896.64063,18995
4/7/2017,60655,61780,60601.10156,61036.10156,60828.07422,14389
4/10/2017,61195.69922,61382.89844,60620,60767.39844,60560.29297,7631
4/11/2017,61179,62200,60901,62063.39844,61851.87109,17051
4/12/2017,62010,62199.89844,60062.39844,60527.10156,60320.80469,20550
4/13/2017,60530.89844,61200,60300,60566.60156,60360.17578,10623
4/17/2017,60720,62158,60311.39844,61948.60156,61737.46094,21463
4/18/2017,61950,63099,61600.10156,62596.10156,62382.75391,23539
4/19/2017,62350,63300,62150.10156,63089.19922,62874.17578,12089
4/20/2017,63005,63610,62751.10156,63500.80078,63284.37891,12427
4/21/2017,63325,63698,63016.89844,63283.69922,63068.01563,9607
4/24/2017,63120,64200,63110,63995.39844,63777.28906,12079
4/25/2017,64200,66755.5,63880,66566.20313,66339.32031,28579
4/26/2017,66500,69848.79688,66487,68850.5,68615.83594,43642
4/27/2017,69200,70500,68000,68495.60156,68262.14844,50104
4/28/2017,68858.5,69000,67706,67909.20313,67677.76563,17996
5/2/2017,68050,68899.79688,67600,68372.5,68139.47656,17924
5/3/2017,68563.10156,69750,68455.20313,68639.89844,68405.95313,17264
5/4/2017,68944,69173.5,66501,67022.5,66794.07031,28669
5/5/2017,66861,68399,66500,68136,67903.77344,20751
5/8/2017,68499.89844,68720,67450,67634.10156,67403.60156,12208
5/9/2017,68200,68200,66587.39844,66683,66455.72656,16105
5/10/2017,66800.10156,66999,65822.20313,65936.70313,65711.96875,17167
5/11/2017,66000,67371.79688,65902.10156,66056,65830.85938,15027
5/12/2017,66105,66488,65300,65455.10156,65232.01953,9995
5/15/2017,65620,66081,65200.80078,65823.39844,65599.0625,10189
5/16/2017,65990,66360,65500,66093.39844,65868.13281,14100
5/17/2017,66200,68270,65700,68054.70313,67822.75,28781
5/18/2017,67750,69188,66640.10156,66960.39844,66732.17188,21701
5/19/2017,67290,67699.89844,64164.89844,65876.60156,65652.07813,15118
5/22/2017,66100.5,66799,64100,64254.10156,64035.10938,13002
5/23/2017,64480,64700,63000,63976.10156,63758.05469,19116
5/24/2017,63900,63958.39844,62400,62519.69922,62306.61328,11106
5/25/2017,62660,64200,62000,63820,63602.48828,20131
5/26/2017,64199.89844,65690,63922.19922,65401.80078,65178.89063,15831
5/29/2017,65699,66370,64750,64937.89844,64716.57422,10018
5/30/2017,64938,65600,64561.19922,65398.10156,65175.21094,7921
5/31/2017,65351.39844,65882,65009,65559.10156,65335.65234,6625
6/1/2017,65619.5,68599,65619.5,68217.29688,67984.78906,27596
6/2/2017,68450,68993.89844,67500,67716,67485.21875,15738
6/5/2017,67910,68598,67900,68334.20313,68101.30469,7478
6/6/2017,68500,69240,67300,68820.5,68585.94531,15435
6/7/2017,68830.29688,69347.20313,68499,68986,68750.875,10469
6/8/2017,69000.10156,71995,68700,71129.60156,70887.17969,39075
6/9/2017,71404,73200,71251.10156,72901.20313,72652.74219,33946
6/12/2017,72901.20313,74016.20313,72245,73331.60156,73081.67969,24677
6/13/2017,73401,74147.5,71555,72369.29688,72122.63281,23590
6/14/2017,71980,71980,70880,71102.10156,70859.76563,19049
6/15/2017,71235,73184.89844,71198.89844,72847.5,72599.23438,19573
6/16/2017,73148,73401,71707.5,71978.10156,71732.77344,15153
6/19/2017,72499.89844,72870,71560.20313,71760.20313,71515.625,9973
6/20/2017,71980,72800,71315.29688,71656.20313,71411.97656,11042
6/21/2017,71850,72297.89844,71324.5,71709.10156,71464.70313,7666
6/22/2017,72198.89844,72495,70650.10156,70975.89844,70734,10644
6/23/2017,71500,71500,69596,69935.79688,69697.4375,12316
6/27/2017,69955,70400,68270,68585.5,68351.74219,10377
6/28/2017,68585.5,69399,67801.5,68915.79688,68680.91406,10368
6/29/2017,69270,69846.79688,68500,68639,68405.0625,15509
6/30/2017,68400,68750,67850.10156,68325.89844,68093.02344,10072
7/3/2017,68458.5,71250,68201,70859.5,70617.99219,16735
7/4/2017,71260,71500,70029.70313,70350.29688,70110.51563,11002
7/5/2017,70401,71120.39844,70259.89844,70607.39844,70366.75,8300
7/6/2017,70984,71450,70005,70270.60156,70031.10938,12201
7/7/2017,70801.70313,70801.70313,69575,69809.29688,69571.36719,10221
7/10/2017,70379.5,70379.5,69403,69600.20313,69362.99219,1519
7/11/2017,69600,70079.89844,68863.5,69120,68884.4375,9263
7/12/2017,69201,70295,68800,69976.60156,69738.10938,10291
7/13/2017,70300,70400,69526,69662,69424.57813,6505
7/14/2017,69999,70000,69150,69516.20313,69279.27344,5398
7/17/2017,69662,70274,69100,70072.70313,69833.875,8434
7/18/2017,69400,70367.70313,69400,69930.5,69692.16406,7118
7/19/2017,69930.5,70770,69710,70221.5,69982.17188,16349
7/20/2017,70550,70550,69027,69159,68923.28125,7182
7/21/2017,69375,69721,68700,68878.5,68643.75,11184
7/24/2017,69000,69340,68750,68908.89844,68674.03906,6308
7/25/2017,69377,70663.60156,69050,70334.29688,70094.58594,16387
7/26/2017,70388,70555.5,69808.20313,69989.89844,69751.35938,8637
7/27/2017,70200,70300,68510,68706.5,68525.1875,8582
7/28/2017,68660,69700,68501,69119.70313,68937.3125,8239
7/31/2017,69120.70313,69974.79688,69000,69198.79688,69016.20313,8841
8/1/2017,69567,69688.20313,69001,69393.10156,69209.99219,7528
8/2/2017,69276.10156,70999.79688,69276.10156,70810.39844,70623.55469,17215
8/3/2017,70600,70910,68902.20313,69150.39844,68967.92188,14610
8/4/2017,68483.10156,68500,65293.30078,66361.10156,66185.99219,47845
8/7/2017,67100,68182.29688,66505.79688,67821.20313,67642.22656,23514
8/8/2017,67900,68500,66601,66722.20313,66546.13281,11981
8/9/2017,67000,67000,65501,65947,65772.98438,10520
8/10/2017,65799,66365.70313,63400,64100.69922,63931.5625,14500
8/11/2017,63250,65098.89844,62382.10156,63922,63753.32813,16985
8/14/2017,64400,64899.60156,63601.10156,63770.60156,63602.32813,11840
8/16/2017,64525,65987,63300,65783,65609.41406,15564
8/17/2017,66054,66395,64280,64484.5,64314.33984,11287
8/18/2017,64470,64470,63501,63684.10156,63516.05469,12643
8/21/2017,63798.19922,64770,63002,63419.80078,63252.44922,8783
8/22/2017,63050.10156,63999.89844,62432.10156,62555.69922,62390.62891,14404
8/23/2017,62999,63494.89844,62570,62805.89844,62640.16797,12476
8/24/2017,63248,63349.5,62611,63049.69922,62883.32422,7876
8/28/2017,63350,63400,62657.10156,62811.10156,62645.35547,7912
8/29/2017,62949.89844,63200,62400,62907.89844,62741.89844,12683
8/30/2017,63200,63299.89844,62655.60156,62944.80078,62778.70703,5035
8/31/2017,63179.89844,64235.19922,62850,64089.60156,63920.49219,11820
9/1/2017,64090,65499,64090,65293.89844,65121.60547,9059
9/4/2017,65290,65368.39844,63950,64240.10156,64070.58594,8632
9/5/2017,64474.30078,64999,64200,64573.39844,64403.00781,6756
9/6/2017,64260,65330,63709.19922,64990,64818.51172,13562
9/7/2017,65269.89844,65350,64102,64429.80078,64259.78516,5016
9/8/2017,64505,64799.89844,63671,63816.89844,63648.50391,7529
9/11/2017,64010,64799,64010,64449.60156,64279.53516,8300
9/12/2017,64899.89844,65545.60156,64650.10156,65270.80078,65098.56641,10388
9/13/2017,65500,65650,64100,64334.30078,64164.53516,8725
9/14/2017,64430,64599.80078,63690,63840.39844,63671.94141,6532
9/15/2017,63999.89844,64750,63535.80078,64544.30078,64373.98828,12616
9/18/2017,64698,65300,64648.10156,64916.10156,64744.80859,20041
9/19/2017,64648,65248,64003.10156,64087.10156,63917.99219,9349
9/20/2017,65101,65650,63933.10156,64092.10156,63922.98438,15543
9/21/2017,64438,64447.80078,63152.60156,63294.69922,63127.68359,8728
9/22/2017,64000,64000,62650,62938.10156,62772.02344,17031
9/25/2017,63100,63376.60156,61251,62721.89844,62556.38281,15442
9/26/2017,62800,63000,62210.10156,62754.10156,62588.51172,11340
9/27/2017,62720,62999,61501,61746.60156,61583.66797,6870
9/28/2017,61790,62200,61000,61866.39844,61703.15234,15835
9/29/2017,62051,63940,62051,63005.30078,62839.04688,25187
10/3/2017,63480,64000,63160.60156,63404.39844,63237.08984,14576
10/4/2017,63749,63786.5,62750,63029.80078,62863.48047,9071
10/5/2017,63298,63666,62883.80078,63141.5,62974.88672,13683
10/6/2017,63349.89844,64620,63207.89844,64422.69922,64252.70313,10353
10/9/2017,64550,65010.10156,64195.39844,64835.5,64664.41797,6744
10/10/2017,65011,65300,64510.10156,64705.19922,64534.45703,4704
10/11/2017,64949.89844,64970,63269.60156,63437.39844,63270.00781,8383
10/12/2017,64200,64200,63460,63885.60156,63717.01953,5284
10/13/2017,63800.10156,64000,63500,63670.19922,63502.19531,5189
10/16/2017,63602,64049,63101,63636.39844,63468.48047,7701
10/17/2017,63700,64190,63328.10156,63777.10156,63608.80859,4423
10/18/2017,63516.39844,64000,63516.39844,63670.39844,63502.39453,3556
10/19/2017,63670.39844,63898.69922,63207,63522.5,63354.88281,922
10/23/2017,63250,63600,62409.80078,63490.60156,63323.06641,12588
10/24/2017,63450,63574,62981.10156,63064.39844,62897.98828,7750
10/25/2017,63315,63498.89844,62910.5,63089.10156,62922.62891,4021
10/26/2017,63200,63500,62811.89844,63156.10156,62989.44922,5887
10/27/2017,63300,64999,63210.69922,64771.10156,64600.18359,10783
10/30/2017,65000,67343.89844,65000,66779.10156,66602.89844,15489
10/31/2017,66775,67222,65715,66422.5,66247.24219,7407
11/1/2017,66789.89844,66999,65852,66002.5,65828.33594,6273
11/2/2017,66011.20313,66719.89844,65590,65726.89844,65553.46094,4284
11/3/2017,65726.89844,66739.70313,65726.89844,66483.39844,66307.96094,5375
11/6/2017,66500,67800,65911,67399.39844,67221.5625,9355
11/7/2017,67650,67810,65521.5,65712.60156,65539.20313,8918
11/8/2017,65900,66341.60156,65000,65162.39844,64990.44922,5123
11/9/2017,65398.80078,65800,64836,64994.10156,64822.59766,4127
11/10/2017,64995,67749,63614.10156,67359,67181.26563,39944
11/13/2017,66812.20313,69000,66800,68320.89844,68140.60938,20028
11/14/2017,68624.89844,68624.89844,67428,67643.5,67465,5488
11/15/2017,68300,69655.20313,67687.5,68392.29688,68211.83594,18813
11/16/2017,68500,69956,68500,69730.79688,69546.79688,12710
11/17/2017,70000,70500,69195.60156,69437.39844,69254.16406,10991
11/20/2017,69437.39844,69869.89844,68476,68719,68537.66406,4128
11/21/2017,68908,70160,68750,69830.5,69649.26563,12159
11/22/2017,70000,70189,69268.39844,69692.89844,69512.03125,4610
11/23/2017,69799.10156,70200,69001,69189.60156,69010.03906,9563
11/24/2017,69499,69859,69261,69405.5,69225.38281,5505
11/27/2017,69474.5,70450,69405,70215.10156,70032.875,10178
11/28/2017,70130,70325,69480,69597.39844,69416.77344,2739
11/29/2017,69540,69949,69200,69275.10156,69095.32031,8735
11/30/2017,69299,69360,68200.10156,68583.5,68405.51563,7987
12/1/2017,68601,69100,65724.20313,66169.10156,65997.375,11678
12/4/2017,66400,66841.89844,65805,66333.10156,66160.94531,5838
12/5/2017,66336.60156,67000,65705,66842.79688,66669.32813,9024
12/6/2017,66122,67222.10156,66122,66871,66697.46094,5830
12/7/2017,66990,67284.79688,66647.70313,67063.20313,66889.16406,5214
12/8/2017,67251,68337.89844,66845,68226.10156,68049.04688,7178
12/11/2017,68500,69000,67678,67863.5,67687.375,4898
12/12/2017,68240,68240,66280,66407.39844,66235.0625,6244
12/13/2017,66774,67095,65890,66072.60156,65901.13281,6460
12/14/2017,66480,66670,65323.89844,65952.79688,65781.625,5784
12/15/2017,66500,68125,66335.60156,67703.60156,67527.89844,9214
12/18/2017,67400,69350,65810,69184.60156,69005.05469,14066
12/19/2017,68940,69649,68650.20313,69389.70313,69209.625,7912
12/20/2017,69389.70313,69900,68751,68913.79688,68734.94531,5124
12/21/2017,69000,71050,68551,70860.5,70676.60156,12046
12/22/2017,70927,73089,70898.79688,72817.79688,72628.8125,29133
12/26/2017,72600,74500,72160,74062,73869.79688,17525
12/27/2017,74280,74394,72693.10156,73080,72890.34375,14788
12/28/2017,73490,73899,72492.20313,73498,73307.25781,10193
12/29/2017,73499,73950,72101.10156,72357,72169.22656,10899
1/1/2018,72572,73200,71900,72402.89844,72214.99219,7348
1/2/2018,72305,72899.70313,71059.10156,71246.10156,71061.19531,7345
1/3/2018,71680,71899.89844,71000,71173.39844,70988.6875,9083
1/4/2018,71499,71644.89844,70851.20313,71219.89844,71035.04688,4477
1/5/2018,71390,73000,71300,72905.89844,72716.69531,9189
1/8/2018,72900,73570,72287,72610.5,72422.05469,6757
1/9/2018,72965,73270,72020,73025,72835.49219,5587
1/10/2018,73040,73112.39844,72100,72481.5,72293.40625,9006
1/11/2018,72700,72700,71950,72312,72124.33594,4998
1/12/2018,72310,73100,71814.10156,71971,71784.21875,11548
1/15/2018,71971,72500,71350,71534,71348.35938,6503
1/16/2018,71401,71900.5,69889.60156,70284.5,70102.10156,7410
1/17/2018,70480,70751.60156,69731.60156,70420.79688,70238.03906,4005
1/18/2018,70800,70849,68601.5,68804.5,68625.9375,7680
1/19/2018,69100,69399.89844,68500,69156,68976.51563,7715
1/22/2018,69156,69878.29688,68875,69677.29688,69496.46875,3327
1/23/2018,69600,70456,69531.79688,69930.70313,69749.21875,6857
1/24/2018,69700,70171.5,68700,68894.5,68715.70313,6431
1/25/2018,69050,69440,67055.5,67543.60156,67368.3125,7157
1/29/2018,67165,68447.60156,66750,66906.79688,66733.15625,7203
1/30/2018,67300,68446,67010,68261.5,68084.35156,6008
1/31/2018,68395,68798.79688,67215.79688,68113.39844,67936.625,8102
2/1/2018,68115,72750,67200,71776.60156,71590.32031,29028
2/2/2018,71400,71654.89844,68050,69259.39844,69079.65625,19860
2/5/2018,68016.20313,69350,67658.5,68615.10156,68437.03125,12193
2/6/2018,64000,68950,64000,68528.5,68350.64844,21197
2/7/2018,68900,69500,68250,68827.5,68648.875,9654
2/8/2018,69001,70763.5,68800,70171,69988.89063,12304
2/9/2018,69100.10156,70377,68752.20313,70013.79688,69835.07031,4799
2/12/2018,70011,71840,70011,71640.89844,71458.03125,7298
2/14/2018,71720,72606.10156,71650,72329.20313,72144.58594,10260
2/15/2018,72329,72780.60156,71740.79688,72156.20313,71972.02344,7756
2/16/2018,72357,72517,70601.60156,71162.5,70980.85156,5347
2/19/2018,71555,71698,70200,70624,70443.72656,3821
2/20/2018,70635.10156,71100,70430,70825.5,70644.71094,3989
2/21/2018,70855,71999,70703,71787,71603.75781,5414
2/22/2018,71500,71500,69599,70107.79688,69928.83594,4823
2/23/2018,70140,72800,70140,72473.39844,72288.39844,7984
2/26/2018,72550,72980.5,72400,72690.79688,72505.23438,4426
2/27/2018,72670,73149,71660.89844,72665.79688,72480.30469,9668
2/28/2018,72600,73840,72000,73391.60156,73204.25,11901
3/1/2018,73391.60156,74100,72520,72683.60156,72498.07031,5016
3/5/2018,72683,73566.60156,72000,72324.60156,72139.99219,8937
3/6/2018,73000,73000,71310,71475.89844,71293.46094,5388
3/7/2018,71440,71899.10156,70020.60156,70249.20313,70069.88281,6459
3/8/2018,70500,70811.60156,69800,70204.39844,70025.1875,7016
3/9/2018,70759,71379.5,70111.10156,70781.60156,70600.92188,5005
3/12/2018,70950,71333,70800,71094.20313,70912.72656,3757
3/13/2018,70815,72100,70815,71717.29688,71534.22656,4148
3/14/2018,71160,71845.20313,71000,71281.60156,71099.65625,4663
3/15/2018,71225,71945.89844,71086.39844,71738,71554.875,3803
3/16/2018,71670,71670,70000,70211.60156,70032.375,4914
3/19/2018,70500,70895.60156,69699.89844,70074.89844,69896.02344,3928
3/20/2018,69950,70111.70313,69455.60156,69593,69415.35938,2849
3/21/2018,70000,70200,69725,69966.5,69787.91406,4761
3/22/2018,70000,70220,69257.5,69489.29688,69311.91406,3754
3/23/2018,68170,69486,68170,69236.89844,69060.17969,4854
3/26/2018,69237,70399,68800,69961.79688,69783.21875,7329
3/27/2018,70201.5,72888,70201.5,72656,72470.53125,9594
3/28/2018,72001.20313,73650,71610.5,72513.20313,72328.10938,14061
4/2/2018,72700,73333,72542.39844,73122.5,72935.85156,3468
4/3/2018,72975,75799,72800,75502.39844,75309.66406,21139
4/4/2018,75350,76034,73746,74734.20313,74543.4375,11549
4/5/2018,75501,77199,75500.10156,77012.5,76815.92188,16500
4/6/2018,76901,77270,76218.20313,77137.20313,76940.29688,7307
4/9/2018,77137,77400,76700,77243.89844,77046.72656,6579
4/10/2018,77243.89844,77300,76501,76831.10156,76634.98438,3552
4/11/2018,77000,77000,76135.10156,76467.60156,76272.40625,3136
4/12/2018,76499,78363.29688,76150,77613.70313,77415.59375,11854
4/13/2018,77800,78540,77600,78091.39844,77892.0625,10905
4/16/2018,77506,78590,77506,78370.5,78170.45313,4416
4/17/2018,78299,80102,78180.89844,79771.60156,79567.97656,11498
4/18/2018,79999,80100,78950,79069.89844,78868.07813,5399
4/19/2018,79499,79899,79090,79320,79117.52344,5829
4/20/2018,79390,79479.89844,78000,78110.10156,77910.71094,6038
4/23/2018,78300,78742.70313,77600,77961.5,77762.49219,4238
4/24/2018,77600,79060,77600,77948.39844,77749.42188,3784
4/25/2018,78110,78300,76900,77496.39844,77298.57813,4176
4/26/2018,77551,77598,76225,76509.10156,76313.79688,8038
4/27/2018,77179,80570,76901.10156,80413.20313,80207.94531,19559
4/30/2018,80416,81426,79720,79933.5,79729.46094,7899
5/2/2018,79900,81400,79430.89844,79610.79688,79407.58594,7999
5/3/2018,79729,80133.39844,76700,77028.10156,76831.47656,33135
5/4/2018,77880,77899,75595.89844,75721.5,75528.21875,8851
5/7/2018,76000,76695.89844,75610.20313,76115,75920.71875,5681
5/8/2018,76406.89844,76406.89844,75600,75746.79688,75553.45313,4047
5/9/2018,75525,76599,75210,76019.79688,75825.74219,12724
5/10/2018,76540,76540,74750,74881.5,74690.35156,8010
5/11/2018,75300,75400,74300,74675.5,74484.88281,20861
5/14/2018,74750,75152.70313,74515.5,74737.39844,74546.625,3327
5/15/2018,74850,75599,74341.60156,74605,74414.57031,4574
5/16/2018,74500,75098.89844,73978,74873.39844,74682.27344,7566
5/17/2018,74803.39844,75277,74400,74560,74369.67969,4063
5/18/2018,74555,75509,73925.10156,74206.20313,74016.78906,5414
5/21/2018,74400,74449.20313,72863.5,73102.10156,72915.5,4517
5/22/2018,73200,74300,72701,73873.5,73684.92969,3535
5/23/2018,73755.10156,74500,73588.79688,74140.5,73951.24219,4850
5/24/2018,74140.5,74511.29688,73156.10156,73600.70313,73412.82031,3405
5/25/2018,73750,74555,73652,73866.39844,73677.84375,4540
5/28/2018,74100,76497.5,74100,76062.39844,75868.24219,5926
5/29/2018,76001,77429,75250,76392.20313,76197.20313,5286
5/30/2018,76321,77423,75455.39844,77087.60156,76890.82813,4958
5/31/2018,77190,77688,75339,75734,75540.67969,4232
6/1/2018,75811,76774.89844,74400.10156,74848.89844,74657.83594,4375
6/4/2018,75400,75490,74111,74480.60156,74290.48438,3391
6/5/2018,74700,75000,73105,73815.60156,73627.1875,5761
6/6/2018,74064,74691,73410.20313,74282.5,74092.875,4004
6/7/2018,74450,75880,74450,75427.5,75234.96875,4555
6/8/2018,75399.89844,76503,74500,75929,75735.1875,4143
6/11/2018,76249,76751.5,75900.20313,76407.60156,76212.5625,3015
6/12/2018,76860,76860,75353,75580.70313,75387.78125,3000
6/13/2018,75900,76232.5,74952,75048,74856.42969,2476
6/14/2018,75077,75665,74784,75349.60156,75157.25781,3518
6/15/2018,75250,75899,75200,75351.10156,75158.75781,3971
6/18/2018,75480,76250,74200,74359.79688,74169.97656,3810
6/19/2018,74599,75200,73999,74849.79688,74658.72656,3367
6/20/2018,75249.79688,75349.79688,74000,74877.60156,74686.46094,11625
6/21/2018,74990,75500,74566,74771.60156,74580.74219,3478
6/22/2018,75049,76080.39844,74588.79688,75703.39844,75510.15625,3092
6/25/2018,76100,76100,75000,75186.70313,74994.78125,2664
6/26/2018,74880,75548,74705,74972.79688,74781.42188,4297
6/27/2018,75545,75545,73540,74037.5,73848.50781,4778
6/28/2018,74374,74800,72605,72933,72746.82813,13071
6/29/2018,73297.70313,75397.20313,73297.70313,74974.5,74783.125,6906
7/2/2018,75270,75835,74600,75197.79688,75005.84375,3945
7/3/2018,75300,75850,74900,75459.20313,75266.59375,2537
7/4/2018,75499,76350,75050,75897,75703.26563,2761
7/5/2018,76074.60156,76350,75301.10156,75477.39844,75284.72656,2341
7/6/2018,75350,76199,74838.89844,75097.10156,74905.40625,4502
7/9/2018,75499.89844,75900,75097,75505,75312.26563,3521
7/10/2018,75551,76429.39844,75240,75943.89844,75750.04688,5016
7/11/2018,76000,76549,75525,76153.79688,75959.40625,3293
7/12/2018,76500,78178.39844,76405,77611.20313,77413.10156,13063
7/13/2018,77611.20313,77999,76560,77059.79688,76863.08594,3963
7/16/2018,77060,77060,74118.5,74332,74142.25781,7317
7/17/2018,74600,75372.60156,74327,74609,74418.5625,5825
7/18/2018,75248,75490,73666,73852.39844,73663.875,4812
7/19/2018,74404.89844,74920,73939,74475.29688,74285.17969,3949
7/20/2018,74225.29688,77683.5,74100,76812.5,76616.42969,9474
7/23/2018,76999,78000,75712,77782.5,77583.94531,4861
7/24/2018,77848,78267.20313,77057.5,77627.89844,77429.74219,7761
7/25/2018,77115,78900,77115,78208.79688,78009.16406,5727
7/26/2018,78500,78899,78311,78644.79688,78444.05469,4472
7/27/2018,78999,81013.5,78600,80860.5,80654.10156,11401
7/30/2018,80998,81191,79201,79931.39844,79727.35938,7295
7/31/2018,80740,80740,79277.89844,79490.39844,79287.48438,4446
8/1/2018,79987,80396.79688,79200,79578.89844,79429.73438,4888
8/2/2018,79580,79580,78005,78373,78279.20313,5254
8/3/2018,78623,79150,78379.89844,78477.10156,78383.17969,3557
8/6/2018,78485,78935.89844,76501,76892.29688,76800.27344,5089
8/7/2018,76880,77583.39844,76701,77200.20313,77107.80469,4539
8/8/2018,77099.79688,77589.89844,76311.10156,76650.10156,76558.36719,6784
8/9/2018,77077,77450.20313,75411,75995.10156,75904.14844,27709
8/10/2018,76000,76299.70313,74100,74234,74145.16406,13065
8/13/2018,74489.89844,74489.89844,73150,73254,73166.32031,15760
8/14/2018,73504,74300,73400,73819.79688,73731.45313,12251
8/16/2018,73850,74199.89844,73100,73164.70313,73077.14844,7142
8/17/2018,73200,73900,73141,73747.79688,73659.53906,7752
8/20/2018,73999,75089.70313,73500,74761.89844,74672.42188,15186
8/21/2018,75111,75250,74256.70313,74499,74409.83594,11543
8/23/2018,74500,74800,74100,74573.5,74484.25,4828
8/24/2018,74500,75052.60156,73800,74075.89844,73987.25,2937
8/27/2018,74300,74500,74000,74171.89844,74083.13281,2216
8/28/2018,74649,74649,73202.89844,73316.89844,73229.15625,4230
8/29/2018,73640,73640,73200,73286.39844,73198.6875,3222
8/30/2018,73753.89844,74154,73001,73218.79688,73131.17969,5919
8/31/2018,73250,74300,73000,74026.79688,73938.19531,4913
9/3/2018,73777,74170,73000,73038.89844,72951.49219,3917
9/4/2018,73300,73600,70850,71028.89844,70943.89063,8961
9/5/2018,71299,71299,70001,70352.29688,70268.10156,7748
9/6/2018,70799.89844,70984.29688,70100,70830.5,70745.74219,4867
9/7/2018,70881,72000,70632,71252,71166.71875,4849
9/10/2018,71501,71550,70450,70506.5,70422.11719,4334
9/11/2018,70506.5,71100,69600,69769.5,69686,3404
9/12/2018,69860,69959,68201.10156,69143.39844,69060.64844,8913
9/14/2018,69500,70712.89844,69500,70244.29688,70160.22656,6967
9/17/2018,70200,70200,69650.10156,69782.29688,69698.78125,2670
9/18/2018,69782.29688,70119,68500.89844,68731.39844,68649.14844,4569
9/19/2018,69095,69250,67390,67783.39844,67702.27344,11985
9/21/2018,68195,68500,62500,66744.39844,66664.52344,10416
9/24/2018,67000,67000,64450,64568,64490.72656,7655
9/25/2018,64677,67100,63125,65780.60156,65701.88281,17921
9/26/2018,66988,66988,65800,66318.5,66239.13281,4318
9/27/2018,67015,68200,63950.10156,64202.89844,64126.05859,12368
9/28/2018,64500,65737.39844,62300,63598.60156,63522.48828,11536
10/1/2018,64100,64100,62150,63025.60156,62950.17188,12283
10/3/2018,63077,63654,62555.10156,63138.80078,63063.23828,10722
10/4/2018,62699.89844,62699.89844,61400,61603.80078,61530.07422,13688
10/5/2018,61400,61400,60501,61022.19922,60949.17188,9200
10/8/2018,60711,61751,59601,61120.89844,61047.75391,12830
10/9/2018,61899,62700,60660,61997.30078,61923.10156,4980
10/10/2018,61521,64300,61521,63979.60156,63903.03125,6132
10/11/2018,62990,64269.60156,61709.10156,63427.5,63351.59375,6805
10/12/2018,63620,64959.89844,63620,63978.39844,63901.82813,11121
10/15/2018,63625.19922,64579.89844,62000,62600.60156,62525.68359,12243
10/16/2018,62991.89844,63980,62862.10156,63212.89844,63137.24609,6090
10/17/2018,63750,64263.80078,61900,62101.89844,62027.57813,6380
10/19/2018,61965,62690,60900,61967.89844,61893.74219,7567
10/22/2018,62749.89844,62749.89844,61999,62206.89844,62132.44922,4196
10/23/2018,61600,62177,61301,61723.60156,61649.73047,5082
10/24/2018,62440,62700,61805.10156,62350,62275.38281,3986
10/25/2018,62000,62480,60800,61362.5,61289.0625,7477
10/26/2018,61300,63421.5,60666,63056.10156,62980.63672,10200
10/29/2018,63200,64350,62525,63932.19922,63855.6875,5004
10/30/2018,63402.19922,64900,63402.19922,64309.10156,64232.13672,6896
10/31/2018,64342,64900,63684,64498.60156,64421.41016,4183
11/1/2018,64498.60156,65350,64498.10156,64742.10156,64664.62109,4418
11/2/2018,65050,66676.5,65012.39844,66480.79688,66401.23438,6742
11/5/2018,66700,66800,65910,66153.79688,66074.625,3810
11/6/2018,66200,66607.39844,64900,65160.69922,65082.71484,4248
11/7/2018,65670,65933.10156,65177,65565,65486.53516,1058
11/9/2018,65050.10156,66502,64513.10156,66345.10156,66265.71094,10673
11/12/2018,66345,66985,65060.5,65203.10156,65125.07031,4542
11/13/2018,65203.10156,66190,64802.10156,65822.10156,65743.32813,4985
11/14/2018,66100,66740,65240,65546,65467.55469,8200
11/15/2018,65999,66333,65200,65784.89844,65706.17188,7974
11/16/2018,65900,66800,65588.5,65755,65676.3125,5438
11/19/2018,65770,66400,65501,66190.29688,66114.10156,3936
11/20/2018,66200,66330,65713.20313,66024.5,65948.49219,3325
11/21/2018,66251,67568,66110,67324.20313,67246.69531,8262
11/22/2018,67400,68170,67202,67607.39844,67529.5625,6407
11/26/2018,68000,68710,67607.5,68198.79688,68120.28906,10287
11/27/2018,67866.20313,68680,67400,68575.20313,68496.25781,6030
11/28/2018,68501,69340,68360.79688,68792.20313,68713,6588
11/29/2018,69002,69150,68011,68289.89844,68211.27344,7575
11/30/2018,68400,68678.5,67150.89844,67332,67254.48438,5175
12/3/2018,67500,67949,66608,66692.89844,66616.11719,5041
12/4/2018,66800,67137.70313,65932,66128.79688,66052.66406,2992
12/5/2018,66000,66196.60156,65136,65284,65208.83984,3690
12/6/2018,65299,65312.10156,64445.10156,64764.80078,64690.23828,2960
12/7/2018,65269,65700,64864.10156,65574.89844,65499.41016,3550
12/10/2018,64100.10156,64895.39844,64100.10156,64364.60156,64290.50391,3289
12/11/2018,63666,66500,63666,66171.70313,66095.53125,7236
12/12/2018,66272,68490,66222,68146.5,68068.04688,6981
12/13/2018,68280,68899,67102.70313,67463.5,67385.83594,5719
12/14/2018,67299,67500,66050,66335,66258.64063,5721
12/17/2018,66415,67200,66222,66375.10156,66298.6875,3561
12/18/2018,66477,67999,66100,67561.5,67483.71875,4752
12/19/2018,68000,69500,67749.39844,69327,69247.1875,10484
12/20/2018,68750,69900,68750,69049.70313,68970.21094,10183
12/21/2018,69049.70313,69561,66700,67003.89844,66926.75781,9352
12/24/2018,67004,67347,65897,66117.60156,66041.48438,5788
12/26/2018,66200,67503,65105.19922,67319.60156,67242.10156,9920
12/27/2018,67398.89844,67699,66526,66686.39844,66609.625,8775
12/28/2018,67279,67475,66980,67037,66959.82813,4257
12/31/2018,67550,67550,66812.39844,66984.70313,66907.58594,5943
1/1/2019,67299,67299,66500.39844,66801.20313,66724.28906,4193
1/2/2019,66500,67100,66150.70313,66635.5,66558.78906,7531
1/3/2019,66750,67400,66458.70313,66818.20313,66741.27344,4603
1/4/2019,66999.70313,67349.89844,66201,66603.10156,66526.42969,4278
1/7/2019,67100,67345.89844,66666.10156,66978.5,66901.39063,6823
1/8/2019,66700,66976,66226,66439.89844,66363.41406,2284
1/9/2019,66501,66999,65820.5,66070.39844,65994.33594,4369
1/10/2019,66249,67095,65909,66700.70313,66623.91406,4018
1/11/2019,66898.89844,67000,66300,66937.20313,66860.13281,2580
1/14/2019,66600,66997,65955.89844,66653,66576.26563,5052
1/15/2019,66650,66990,66077,66195.60156,66119.39844,3863
1/16/2019,66220,66485.70313,65900,65991.20313,65915.23438,3514
1/17/2019,66291,66291,65600,65802.79688,65727.03906,3530
1/18/2019,66005,66098.20313,65650,65739.79688,65664.11719,1613
1/21/2019,65739.79688,66299,65501,66126.10156,66049.97656,8009
1/22/2019,65900,66166.89844,65100,65259.60156,65184.47266,4697
1/23/2019,65378,66290,65300,66072,65995.9375,3086
1/24/2019,66000,66188.39844,64500,64902.80078,64828.08594,4134
1/25/2019,65300,65533.30078,63700,63920.89844,63847.30859,3105
1/28/2019,63875,63875,62450,62559.89844,62487.87891,4488
1/29/2019,62830,62830,61500,61868.10156,61796.87891,8712
1/30/2019,62384,62384,61150,61329.39844,61258.78906,6589
1/31/2019,61500,61767.60156,60540.10156,61289.19922,61218.64453,7598
2/1/2019,61489.19922,62699.89844,61012.10156,61275.69922,61205.15625,7551
2/4/2019,61944,61944,59800,59906.60156,59837.64063,7858
2/5/2019,60299,60400,59500,60004.30078,59935.21875,6603
2/6/2019,60300,60300,59550,59936,59866.99609,5305
2/7/2019,60035,60800,58960.10156,59410.60156,59342.21094,22636
2/8/2019,59188.89844,59188.89844,56300,56451.39844,56386.41016,24277
2/11/2019,56450,56900,54725,55345.60156,55281.88672,14323
2/12/2019,55750,56178,54900,55355.39844,55291.67188,10994
2/14/2019,55600,56600,55315,56302.19922,56237.38281,8943
2/15/2019,56302,56408.30078,55000,55136.89844,55076.35938,12188
2/18/2019,55248,55499,54254.19922,54460.10156,54400.30469,5980
2/19/2019,54480.10156,55403.89844,53858.39844,54227.89844,54168.35938,10536
2/20/2019,54529.89844,54970,54125,54793.19922,54733.03906,6031
2/21/2019,54829,55250,54505,54710.60156,54650.53125,3891
2/22/2019,54720,55150,54553.5,54960.80078,54900.45313,4411
2/25/2019,55468,55468,54855,55340.10156,55279.33594,4311
2/26/2019,55140.10156,56387.10156,54400,55952.89844,55891.46094,5776
2/27/2019,56400,57266,56152.89844,56862.80078,56800.36328,11007
2/28/2019,57390,57400,56572,56839.60156,56777.19141,12341
3/1/2019,56907,57400,56907,57129.10156,57066.375,4094
3/5/2019,57397,58000,57218.5,57663.19922,57599.88672,8410
3/6/2019,58040,58790,57555,58566.39844,58502.09375,7261
3/7/2019,58570,58594.89844,57645.10156,57839.80078,57776.29297,4062
3/8/2019,58000,58000,56830,57026.60156,56963.98828,6779
3/11/2019,57040,57980.10156,57040,57708.30078,57644.93359,5144
3/12/2019,58100,58253.60156,56801,57171,57108.22656,13277
3/13/2019,57800,58000,57200,57414.60156,57351.5625,8933
3/14/2019,57990,57990,57001,57161.39844,57098.63281,10389
3/15/2019,57200,58000,56911,57609.5,57546.24609,8692
3/18/2019,57998,57998,57244,57433.80078,57370.73828,5722
3/19/2019,57688.89844,57688.89844,57020,57444.19922,57381.125,2978
3/20/2019,57400,57400,56800,56976.60156,56914.03906,4821
3/22/2019,57000,57299,56175.60156,56547.80078,56485.71094,5278
3/25/2019,56310,56320,55895.10156,56006.19922,55944.70703,3193
3/26/2019,56399,56399,56050,56180.10156,56118.41797,5182
3/27/2019,56350,56885,56200,56585.10156,56522.96875,7145
3/28/2019,56740,56849.89844,56100.10156,56296.89844,56235.08984,5142
4/1/2019,58150,60689.89844,58000,60163.89844,60097.83594,15675
4/2/2019,60250,61684,60200,60390.10156,60323.79297,13292
4/3/2019,60480,60830,59600,60040.19922,59974.27344,7111
4/4/2019,60262,60498.89844,59750.10156,60003.10156,59937.21875,6488
4/5/2019,60003.10156,60400,59901.39844,60259.19922,60193.03516,4012
4/8/2019,60554,60554,58573.10156,58921.30078,58856.60547,4676
4/9/2019,59199,59350,57500,57641.19922,57577.90625,8355
4/10/2019,57800,58450,57300,57491.80078,57428.67578,7299
4/11/2019,57600,57991,57304.10156,57468.89844,57405.79688,3874
4/12/2019,57500,58599,57500,58515.80078,58451.55078,4869
4/15/2019,59000,59044.80078,58028.19922,58147.89844,58084.05469,4502
4/16/2019,58269,58540,57950.10156,58056.10156,57992.35547,3320
4/18/2019,58203,58400.10156,57526.10156,57812.19922,57748.71875,4303
4/22/2019,57650,57747.10156,56384.39844,56595.10156,56532.96094,3745
4/23/2019,57085,57085,56400,56564.39844,56502.28906,3363
4/24/2019,56600,56800,55555,55642.39844,55581.30078,5419
4/25/2019,56049,56192.89844,55300,55420.89844,55360.04688,5110
4/26/2019,55750,55839.80078,54250,54410.10156,54350.35938,11658
4/30/2019,54410.10156,54589.80078,52500,52905,52846.91016,9371
5/2/2019,52605,53690,51586.30078,52424.89844,52367.33594,26249
5/3/2019,52500,53400,52500,53110.89844,53052.58203,12837
5/6/2019,53110.89844,53990,52706,53817.89844,53758.80469,11787
5/7/2019,54000,54650,52666.30078,52944.60156,52886.46875,5985
5/8/2019,53049,54500,53000,54117.80078,54058.37891,12180
5/9/2019,54400,54679.89844,54000,54431.19922,54371.43359,7410
5/10/2019,54600,54798.89844,53751.60156,53947.39844,53888.16406,5090
5/13/2019,53997,53997.89844,52927.89844,53071.80078,53013.52734,2913
5/14/2019,53140,53499,52850,53289.89844,53231.38672,3264
5/15/2019,53590,53799,53200.10156,53559.30078,53500.49219,7314
5/16/2019,53849,53970,53100,53692.39844,53633.44531,5128
5/17/2019,53749.89844,54750,53401.60156,54369.69922,54310,5326
5/20/2019,54889.69922,55149.89844,54232,54761.30078,54701.17188,9203
5/21/2019,55000,55150,54415,54772.10156,54711.96094,5597
5/22/2019,54999,55250,54500.10156,55123.89844,55063.37109,4630
5/23/2019,55523,56098.19922,54500,54818.30078,54758.10938,9450
5/24/2019,55200,57464.80078,55000,57009.30078,56946.70703,8395
5/27/2019,57300,57928.10156,56677.5,56862.60156,56800.16406,6040
5/28/2019,57148.89844,57250,56255.10156,56416.69922,56354.75391,4862
5/29/2019,56600,56890,55701,55916.69922,55855.30469,4761
5/30/2019,56250,56250,55025,55185.19922,55124.60547,4519
5/31/2019,55299.10156,55676.69922,54525,55265.10156,55204.42188,6656
6/3/2019,55403.19922,56431.89844,55390,56002.39844,55940.91016,6624
6/4/2019,56026,57600,56025,57382.39844,57319.39063,11498
6/6/2019,57599.89844,57741.10156,55510.60156,55805.80078,55744.52344,7419
6/7/2019,55950,56441.30078,55112,55597.5,55536.45313,6447
6/10/2019,55949,56000,55100,55594.60156,55533.55859,4118
6/11/2019,55800,56299.89844,55501,56197.10156,56135.39844,3948
6/12/2019,56270,56270,55417.30078,55709.5,55648.33203,4485
6/13/2019,55999,55999,54251,54770.89844,54710.75781,6714
6/14/2019,54651,55144,54383.80078,54704.80078,54644.73438,3387
6/17/2019,54950,55300,54148.89844,54724.69922,54664.60938,5755
6/18/2019,54555,54950,54123.80078,54619.80078,54559.82813,4368
6/19/2019,54700,54931.80078,54326,54495.80078,54435.96094,6317
6/20/2019,54599.89844,55000,54114.89844,54921.69922,54861.39063,2777
6/21/2019,54850,55199.89844,54450,54922.39844,54862.08984,3125
6/24/2019,54600,55089.89844,54555.19922,54660.69922,54600.67969,5044
6/25/2019,55050,56338.60156,54498.89844,55552.89844,55491.90625,13088
6/26/2019,55300,56350,55249,56094.80078,56033.21094,5529
6/27/2019,56092,56900,56092,56501.89844,56439.85938,7335
6/28/2019,56799,56800,56346.89844,56609.60156,56547.44531,6063
7/1/2019,56840,57147.89844,56513,56758.89844,56696.57813,3293
7/2/2019,56758.89844,56974.19922,56182,56667.60156,56605.38281,3549
7/3/2019,56700,57075.39844,56615.19922,56806.60156,56744.22656,4265
7/4/2019,56810,57000,56301.10156,56539.39844,56477.32031,3757
7/5/2019,56540,56714.10156,55750,56003.10156,55941.60938,3876
7/8/2019,55712,55712,54402.89844,54776.19922,54716.05469,6867
7/9/2019,54893,54900,53980,54571.19922,54511.28125,6050
7/10/2019,54572,55400,54555.60156,55196.89844,55136.28906,5225
7/11/2019,55001,56528.39844,54696,56163.89844,56102.23047,4222
7/12/2019,56148,56291.80078,55680,56074.69922,56013.12891,3806
7/15/2019,55810,56321.60156,55810,56132.39844,56070.76563,4232
7/16/2019,55851,56745,55851,56510.89844,56448.84766,3608
7/17/2019,56510,56510,55817.5,56004.69922,55943.20703,4807
7/18/2019,56005,56252.80078,55406.10156,55538.39844,55477.41797,3075
7/19/2019,55740,55900,53175.89844,53502.89844,53444.15625,8765
7/22/2019,53782.89844,54365.89844,53254.10156,54144.10156,54084.65234,3720
7/23/2019,54349,54435.39844,53600,53941.80078,53882.57031,3685
7/24/2019,54000,54639.89844,53725,54028.60156,53969.27734,5309
7/25/2019,54025,54483.60156,53800,54112.89844,54053.48047,4636
7/26/2019,54000,54981.80078,54000,54338.5,54278.83594,2683
7/29/2019,54340,54660,53510,53785.30078,53726.24609,7924
7/30/2019,53990,54289.80078,53673,53778.5,53719.45313,4885
7/31/2019,53801,53801,52636.60156,53548.80078,53490.00391,5426
8/1/2019,53450,53878.39844,53100,53355.60156,53350.81641,5918
8/2/2019,53050,54284.60156,52411.10156,53869.60156,53864.77344,5861
8/5/2019,53250,53650,52951,53352.89844,53348.11328,3159
8/6/2019,53200,54094.89844,53200,53871.10156,53866.27344,2796
8/7/2019,54000,54450,53700,53998.5,53993.65625,4650
8/8/2019,54015,54900,54005,54699.60156,54694.69922,2761
8/9/2019,54850,57431.60156,54550,57034.39844,57029.28906,21845
8/13/2019,56601.30078,57390.89844,56011.10156,56736.80078,56731.71484,7241
8/14/2019,56621,57871.5,56350,57293,57287.86328,8058
8/16/2019,57300,58300,56501.39844,56823.60156,56818.50781,5761
8/19/2019,57010,57745,57010,57589.80078,57584.64063,4045
8/20/2019,57502,57857,57228.89844,57548.89844,57543.73828,3228
8/21/2019,57501,57857,57200,57737,57731.82422,3921
8/22/2019,57502,57700,56979,57572.39844,57567.23828,5127
8/23/2019,57600,58400,56521.10156,57859.5,57854.3125,5842
8/26/2019,58450,59000,57304.10156,58782.39844,58777.12891,5060
8/27/2019,58780,59499,58650.60156,58871.5,58866.22266,4168
8/28/2019,58871,59200,57580.60156,57924.5,57919.30859,3434
8/29/2019,57950,57988,57188.10156,57545.60156,57540.44141,2946
8/30/2019,57660,58950,57660,58590.10156,58584.85156,4921
9/3/2019,58598.30078,58649.89844,57519.89844,57801.60156,57796.41797,3399
9/4/2019,57801.60156,58188.89844,57495.10156,57691.19922,57686.03125,3013
9/5/2019,57880,58260,57583.60156,57722.39844,57717.22266,2103
9/6/2019,58080,58980,57900.10156,58754.30078,58749.03516,2892
9/9/2019,58802,59200,58333,58869.10156,58863.82422,2887
9/11/2019,58950,60280,58875.10156,60101.89844,60096.51172,6205
9/12/2019,60256,61109.89844,60000,60658.89844,60653.46094,7908
9/13/2019,60754,60996.69922,59760.10156,60119.89844,60114.50781,7070
9/16/2019,59799,59980,59300.10156,59461.5,59456.16797,2897
9/17/2019,59650,59993.60156,57550,57852.39844,57847.21484,5455
9/18/2019,58699,58699,58000,58364.60156,58359.36719,4374
9/19/2019,58213,58400,57890.89844,58069.10156,58063.89453,2409
9/20/2019,58380,65850,58069.10156,64642.89844,64637.10547,25477
9/23/2019,64900,67467,64900,66180.20313,66174.27344,16170
9/24/2019,66749,67227.5,65691.29688,65879.5,65873.59375,8452
9/25/2019,65522,65990,64200,64499.5,64493.71875,6021
9/26/2019,64499.5,65420,62150,62859.60156,62853.96875,20476
9/27/2019,62859.60156,63875.89844,62286.80078,62674.60156,62668.98438,7538
9/30/2019,62959,63449.89844,62470,63291.60156,63285.92578,4885
10/1/2019,63299,63949,60768.89844,61863.39844,61857.85547,9209
10/3/2019,61863.39844,62065,61200,61471.10156,61465.58984,5960
10/4/2019,61980,61980,60515.89844,60938.39844,60932.9375,4320
10/7/2019,60989,61559,60600,61165.10156,61159.61719,3561
10/9/2019,61250.5,61500.89844,60283.60156,61186.10156,61180.61719,6263
10/10/2019,61200,61389,60736.89844,61174,61168.51563,3047
10/11/2019,61250,61887.60156,61050,61722.69922,61717.16406,4974
10/14/2019,61723,62717.60156,61641.39844,61996.60156,61991.04297,4294
10/15/2019,62150,63297.89844,61772,63027.5,63021.85156,4999
10/16/2019,63030,63615.89844,62629.39844,62896.89844,62891.25781,3660
10/17/2019,62896,65711.60156,62656,64901.89844,64896.08203,7039
10/18/2019,64900,65086.89844,63800,64019.80078,64014.05859,4473
10/22/2019,64394.89844,64749.89844,64030.10156,64211.30078,64205.54297,3206
10/23/2019,64288,64542.89844,63866.39844,64321.30078,64315.53516,5771
10/24/2019,64650,64700,63055,63480.19922,63474.50781,8461
10/25/2019,63830,63980,63025.39844,63285.60156,63279.92578,5263
10/27/2019,null,null,null,null,null,null
10/29/2019,63579,65600,63334.10156,65171.10156,65165.25781,10839
10/30/2019,65250,65450,64103.39844,64893.30078,64887.48438,5400
10/31/2019,65200,66300,65105.10156,65673.79688,65667.90625,7189
11/1/2019,65990,66495.60156,64684.39844,64965.80078,64959.97656,7154
11/4/2019,65301,65710,64200,64440.39844,64434.62109,5008
11/5/2019,64738,65200.89844,63231.39844,63855.80078,63850.07422,5484
11/6/2019,63880,64163.10156,63365.10156,63637.80078,63632.09375,3245
11/7/2019,63755,63921.89844,63310.10156,63522.60156,63516.91016,2116
11/8/2019,63681.39844,65490,62855.69922,64454.39844,64448.62109,15991
11/11/2019,64001,64100,62950,63085.19922,63079.54297,7175
11/13/2019,63380,63380,62400,62959.10156,62953.45703,4688
11/14/2019,63068.80078,63700,62785.30078,63621.5,63615.79688,3395
11/15/2019,63749.10156,64460.19922,63312.30078,63950.5,63944.76563,3201
11/18/2019,64110.39844,64699,63850,64393.60156,64387.82813,3043
11/19/2019,64440,64440.60156,63420,63539.39844,63533.70313,2672
11/20/2019,63849,64111.89844,62750.19922,63058.39844,63052.74609,2999
11/21/2019,63100,63430.19922,62446.19922,62546.5,62543.86719,3752
11/22/2019,62546,63100,62500.10156,62651.39844,62648.76172,3155
11/25/2019,62652,63954,62652,63860.10156,63857.41406,5750
11/26/2019,63865,64465.80078,62933.80078,63092.39844,63089.74219,4604
11/27/2019,63100,63496,62851,63004,63001.34766,4315
11/28/2019,63200,64298.89844,62812,63982.60156,63979.91016,4581
11/29/2019,63855.10156,64116.19922,63200.10156,63397.10156,63394.43359,2797
12/2/2019,63397.10156,63597.5,62550,62723.10156,62720.46094,4456
12/3/2019,62879.10156,63044.19922,61931.39844,62061.69922,62059.08594,4973
12/4/2019,62061.69922,62555.10156,61550,62092.10156,62089.48828,4926
12/5/2019,62380,62597.89844,61575.10156,61760.19922,61757.60156,7439
12/6/2019,62187.89844,62750,61253.39844,61533.19922,61530.60938,6126
12/9/2019,61366,63097.10156,61252,62490.39844,62487.76953,3917
12/10/2019,62400,62458.89844,61525.10156,62070.10156,62067.48828,3345
12/11/2019,62300,62348.89844,61603.30078,62050.19922,62047.58984,2791
12/12/2019,62100,62950,62061.89844,62692.10156,62689.46484,2718
12/13/2019,62800,64100,62800,63926.39844,63923.70703,4829
12/16/2019,63600,64850,63600,64254.19922,64251.49609,5929
12/17/2019,64254,64999.60156,63879,64703.80078,64701.07813,3451
12/18/2019,64603.10156,64929.89844,64000,64126.89844,64124.19922,8346
12/19/2019,64250,64376.5,63728.10156,64080.10156,64077.40625,3274
12/20/2019,64080.10156,64387.89844,63457.89844,63765.19922,63762.51563,4087
12/23/2019,63600,63900,63387.60156,63680.89844,63678.21875,3576
12/24/2019,63616,63900,63449.89844,63611.80078,63609.125,2205
12/26/2019,63612,63750,62796.39844,63141.80078,63139.14453,3506
12/27/2019,63299.60156,66599.79688,63202.10156,65639.5,65636.73438,8889
12/30/2019,65999,66990,65500,66252.39844,66249.60938,9010
12/31/2019,65995.70313,66579,65792,66330.29688,66327.50781,6007
1/1/2020,66199,66944,66100,66709,66706.19531,4235
1/2/2020,66709,67716,66266,67302.5,67299.66406,6603
1/3/2020,67400,67466.60156,66250,66583.5,66580.69531,5527
1/6/2020,66012.29688,66176.89844,65120.10156,65508.89844,65506.14063,10446
1/7/2020,65749,66515,65100,65334.10156,65331.35156,10835
1/8/2020,64800,65237.89844,64300,64871.60156,64868.87109,7222
1/9/2020,65800,67150,65520.80078,66917.70313,66914.89063,9491
1/10/2020,66725,68100,66329.5,67493.60156,67490.75781,9439
1/13/2020,67492,67900,66750,67016.70313,67013.88281,5981
1/14/2020,66701,67500,66452,66696.10156,66693.29688,8147
1/15/2020,66798,66918.60156,65819.5,66271.70313,66268.91406,7937
1/16/2020,66499,67150,65897,67059.39844,67056.57813,9044
1/17/2020,67460,70000,67140,69312.89844,69309.98438,22381
1/20/2020,69060,70220.20313,68244,68510.79688,68507.91406,9587
1/21/2020,68400,68550,67586.89844,67930.10156,67927.24219,3847
1/22/2020,68459,68800,67521.10156,67851.10156,67848.25,4575
1/23/2020,68500,70000,68140,69878.60156,69875.66406,9651
1/24/2020,69611,70825.60156,69500,70407.39844,70404.4375,8680
1/27/2020,70290,70600,69781,70309.39844,70306.4375,7624
1/28/2020,70585,71000,69342,69864.70313,69861.76563,5883
1/29/2020,70090,70600,70000,70372.5,70369.53906,4712
1/30/2020,70539,70600,69501,69818.60156,69815.66406,6362
1/31/2020,69849,70600,69318.20313,69674.79688,69671.86719,4805
2/3/2020,68690,69888,68000,69462.60156,69459.67969,6669
2/4/2020,69650,71899,69650,71680.10156,71677.08594,12327
2/5/2020,71680.10156,73565.70313,71680.10156,72390.79688,72387.75,10788
2/6/2020,72599,73100,71260,71636.39844,71633.38281,5926
2/7/2020,71899,71900,70371.20313,70960.5,70957.51563,5974
2/10/2020,71490,73500,69800,73247.89844,73244.8125,29310
2/11/2020,73200,73500,71111,71381.70313,71378.70313,13405
2/12/2020,71755,72809.29688,71400,71676,71672.98438,5903
2/13/2020,71967,71967,70901.10156,71525.10156,71522.09375,5184
2/14/2020,71800,72519.20313,71100,71799.20313,71796.17969,7017
2/17/2020,71800,72333,71200,71299.79688,71296.79688,3950
2/18/2020,71500,71500,69525,69693.60156,69693.60156,9604
2/19/2020,70290,70437.10156,69500,69959.29688,69959.29688,5731
2/20/2020,69959.29688,71232.60156,69751.10156,70789.5,70789.5,8466
2/24/2020,70888,70888,68500.10156,68874.70313,68874.70313,4295
2/25/2020,69100,69798.89844,68500,69133.5,69133.5,6211
2/26/2020,69134,69404,67850,68140,68140,5155
2/27/2020,68180,68340,66730.70313,67559.5,67559.5,6856
2/28/2020,66400,67296.60156,65315,66393.20313,66393.20313,11768
3/2/2020,66891,67595.89844,65551,65976.29688,65976.29688,6419
3/3/2020,66799,68558.39844,65600,67740.70313,67740.70313,8202
3/4/2020,67270,67698.79688,66100,67053.39844,67053.39844,8187
3/5/2020,67300,68169.89844,66809.5,67325.10156,67325.10156,5745
3/6/2020,66389,66500.20313,63858.60156,66348.10156,66348.10156,9851
3/9/2020,65800,65800,63052.39844,64261.89844,64261.89844,9596
3/11/2020,64200,65687.29688,62703,63589.89844,63589.89844,15621
3/12/2020,62001,62888.19922,58000,60555.19922,60555.19922,17336
3/13/2020,56030,66300,56030,65929.39844,65929.39844,15213
3/16/2020,62000,63899.89844,60309.10156,61295.10156,61295.10156,11325
3/17/2020,61295.10156,63749.80078,60350.10156,62140.69922,62140.69922,14677
3/18/2020,62899.89844,63395.10156,59200,59921.10156,59921.10156,12224
3/19/2020,58950,59870,56950.5,57803.80078,57803.80078,18081
3/20/2020,58199.89844,61111.10156,57534.69922,58988.89844,58988.89844,12332
3/23/2020,55905,56998.89844,51500,51970.19922,51970.19922,20514
3/24/2020,55000,55000,49915.10156,52597.69922,52597.69922,15772
3/25/2020,50155.60156,57700,50155.60156,56579.19922,56579.19922,16480
3/26/2020,56600,60742.60156,54900,55343.80078,55343.80078,16474
3/27/2020,57940,58200,53620,56371.19922,56371.19922,15883
3/30/2020,54700,55270,53522.89844,54375.69922,54375.69922,39105
3/31/2020,54600,59312,54121.10156,58164.39844,58164.39844,25755
4/1/2020,57900,57900,54675.39844,55108.89844,55108.89844,20661
4/3/2020,55600,56200,54500,55062.19922,55062.19922,33126
4/7/2020,56500,58088,56055.10156,57701.10156,57701.10156,18689
4/8/2020,56600,59500,56300,57172.80078,57172.80078,15231
4/9/2020,58599,60460.10156,57700.19922,60017.89844,60017.89844,17979
4/13/2020,59500,59831.39844,57101,57399.19922,57399.19922,13752
4/15/2020,58500,58500,56760,57417.80078,57417.80078,17187
4/16/2020,57390,62000,57012.10156,60441.89844,60441.89844,22062
4/17/2020,61541.89844,62340,61000,61638.30078,61638.30078,15847
4/20/2020,62000,62000,61150,61384,61384,9847
4/21/2020,60500,60793.60156,58500.69922,58864.80078,58864.80078,12668
4/22/2020,58875,59489.89844,57829,58221.89844,58221.89844,14951
4/23/2020,58547,59341.89844,58500,58712.39844,58712.39844,8688
4/24/2020,58225,59200,58000,58805.39844,58805.39844,8119
4/27/2020,59700,60290,58805.39844,59206.60156,59206.60156,7821
4/28/2020,59800,59800,58550,59075.69922,59075.69922,6233
4/29/2020,59100,59750,58900,59203.69922,59203.69922,8035
4/30/2020,59800,61800,59499.89844,60510.60156,60510.60156,18800
5/4/2020,59499.89844,59499.89844,57700,57987.30078,57987.30078,9677
5/5/2020,58647,59350,57500,57750,57750,9615
5/6/2020,58350,58790,57200.10156,58362.69922,58362.69922,8360
5/7/2020,58000,59000,58000,58831.10156,58831.10156,7492
5/8/2020,58902,59783.10156,58450,58874.89844,58874.89844,9752
5/11/2020,59025,59450,58286,58791.19922,58791.19922,12163
5/12/2020,58500,58629.89844,57318.89844,57632.10156,57632.10156,8170
5/13/2020,58850,60200,58221.5,59645.10156,59645.10156,16232
5/14/2020,58676,59125,57925.39844,58132.60156,58132.60156,6586
5/15/2020,58751,58751,57775,58135.60156,58135.60156,8049
5/18/2020,58235,58499.89844,56150,56356.10156,56356.10156,9020
5/19/2020,56850,57400,56600,56828.19922,56828.19922,6472
5/20/2020,57200,57400,56745.10156,57298.89844,57298.89844,7045
5/21/2020,57399,58260,57300,57451.5,57451.5,4818
5/22/2020,57309.39844,57890,57000,57434.10156,57434.10156,4096
5/26/2020,57834.80078,58199.89844,57195.10156,57726.10156,57726.10156,6257
5/27/2020,57825,58200,57500,58078.80078,58078.80078,5430
5/28/2020,57952,58950,57951.89844,58466.19922,58466.19922,6482
5/29/2020,58350.5,59350.5,58350.5,59113.10156,59113.10156,7484
6/1/2020,59500,62269.89844,59365.60156,61446.10156,61446.10156,11453
6/2/2020,61999,63738.39844,61657.69922,62692.39844,62692.39844,11885
6/3/2020,63499.89844,64172.30078,61129.19922,61744.19922,61744.19922,14523
6/4/2020,61844.19922,62487.89844,60710,61648.80078,61648.80078,11209
6/5/2020,61705,63844,61521.10156,63526.19922,63526.19922,13614
6/8/2020,63700,65150,63561.10156,64244.39844,64244.39844,15854
6/9/2020,64970,64970,63550,63994.10156,63994.10156,12490
6/10/2020,63990,64394.10156,63250.89844,63796.39844,63796.39844,7412
6/11/2020,63699.89844,64099.89844,62700.10156,62884.89844,62884.89844,7919
6/12/2020,61000,64100,59500,63729.10156,63729.10156,11399
6/15/2020,64950,65499,62500,62993.60156,62993.60156,16231
6/16/2020,63725,64495,62077.5,62660.30078,62660.30078,9122
6/17/2020,62748,63500,62369.10156,62968.19922,62968.19922,7254
6/18/2020,62888,63350,62701.10156,62999.69922,62999.69922,4653
6/19/2020,63101,63592.89844,62700,62949.30078,62949.30078,7143
6/22/2020,63200,65200,63200,64762.80078,64762.80078,11458
6/23/2020,65010,65650.5,64155.69922,64532.60156,64532.60156,8282
6/24/2020,65032.60156,65870,63586.39844,64128.10156,64128.10156,9738
6/25/2020,64160,65500,63870,64809.60156,64809.60156,7199
6/26/2020,65009.60156,67000,65009.60156,66457.70313,66457.70313,15913
6/29/2020,66400,66800.79688,64830.10156,65196.89844,65196.89844,19328
6/30/2020,66480,67725,65750,67274.5,67274.5,24297
7/1/2020,66800,66800,65600,65836.79688,65836.79688,13670
7/2/2020,66400,66800,65800,66092.89844,66092.89844,9523
7/3/2020,66301,66600,65815.5,66140.20313,66140.20313,8136
7/6/2020,66601,67550,66350,67333.5,67333.5,10688
7/7/2020,67333.5,67510,65600,66858.79688,66858.79688,11291
7/8/2020,67000,67448.60156,65000.69922,65287.19922,65287.19922,16872
7/9/2020,65944.89844,66200,65050,65335.89844,65335.89844,11634
7/10/2020,65799,65799,64515,64867.19922,64867.19922,12530
7/13/2020,65100,65698.89844,64350,64673.39844,64673.39844,8442
7/14/2020,64800,64890,63610.10156,64396,64396,10422
7/15/2020,64677,65199.89844,63460,63675.39844,63675.39844,12777
7/16/2020,64000,64132.80078,62431.39844,63537.89844,63537.89844,11199
7/17/2020,63998.89844,65870.89844,63382.69922,65360.60156,65360.60156,13834
7/20/2020,65500,65849.5,64720.10156,65042.80078,65042.80078,10937
7/21/2020,65800,65900,65250.19922,65621.10156,65621.10156,10307
7/22/2020,65590,65590,64255.80078,64407.80078,64407.80078,14416
7/23/2020,64793.60156,64793.60156,63100,63357.39844,63357.39844,13509
7/24/2020,63199,63800,62700,62976.5,62976.5,15917
7/27/2020,63580,63580,61605,61931.60156,61931.60156,14479
7/28/2020,62199.80078,63000,62006,62204.89844,62204.89844,14267
7/29/2020,62400,62800,61550,61815.10156,61815.10156,9789
7/30/2020,62000,62399.89844,60700.69922,61043.10156,61043.10156,12271
7/31/2020,61200,61600,60602,61048.60156,61048.60156,11425
8/3/2020,61000,61800,60802.19922,60974.60156,60974.60156,9152
8/4/2020,61500,61700,61004.10156,61270.10156,61270.10156,15026
8/5/2020,61400,61900,61150,61519.10156,61519.10156,9425
8/6/2020,61500,61850,61100,61345.80078,61345.80078,4610
8/7/2020,61250,63260,61250,62702.80078,62702.80078,29581
8/10/2020,62798,63550,61700,61863,61863,9740
8/11/2020,62200,62490,61390,61460.39844,61460.39844,9749
8/12/2020,61640,61899.89844,61350,61634.80078,61634.80078,11449
8/13/2020,61900,64352.19922,61400,63976.5,63976.5,29507
8/14/2020,64000,64600,61200,61433.80078,61433.80078,49738
8/17/2020,62199,62282.10156,59940.39844,60148.10156,60148.10156,32399
